ID,Timestamp,Status
a-01,2026-03-16T11:16:42+00:00,success
a-02,2026-03-16T11:16:43+00:00,bot-detected
a-03,2026-03-16T11:16:44+00:00,success
a-04,2026-03-16T11:16:45+00:00,bot-detected
a-05,2026-03-16T11:16:47+00:00,success
a-06,2026-03-16T11:16:47+00:00,success
a-07,2026-03-16T11:16:48+00:00,bot-detected
c-q1-01,2026-03-16T11:14:52+00:00,success
c-q1-02,2026-03-16T11:14:53+00:00,bot-detected
c-q1-03,2026-03-16T11:14:54+00:00,bot-detected
c-q1-04,2026-03-16T11:14:55+00:00,success
c-q1-05,2026-03-16T11:14:55+00:00,success
c-q1-06,2026-03-16T11:14:56+00:00,success
c-q1-07,2026-03-16T11:14:56+00:00,success
c-q1-08,2026-03-16T11:14:57+00:00,success
c-q1-09,2026-03-16T11:14:58+00:00,success
c-q1-10,2026-03-16T11:14:59+00:00,success
c-q1-11,2026-03-16T11:15:00+00:00,success
c-q1-12,2026-03-16T11:15:01+00:00,success
c-q1-13,2026-03-16T11:15:01+00:00,success
c-q1-14,2026-03-16T11:15:02+00:00,failed
c-q1-15,2026-03-16T11:15:04+00:00,success
c-q1-16,2026-03-16T11:15:05+00:00,bot-detected
c-q1-17,2026-03-16T11:15:06+00:00,success
c-q1-18,2026-03-16T11:15:07+00:00,success
c-q1-19,2026-03-16T11:15:08+00:00,success
c-q1-20,2026-03-16T11:15:08+00:00,success
c-q2-01,2026-03-16T11:15:10+00:00,success
c-q2-02,2026-03-16T11:15:10+00:00,success
c-q2-03,2026-03-16T11:15:11+00:00,bot-detected
c-q2-04,2026-03-16T11:15:11+00:00,bot-detected
c-q2-05,2026-03-16T11:15:12+00:00,success
c-q2-06,2026-03-16T11:15:12+00:00,bot-detected
c-q2-07,2026-03-16T11:15:13+00:00,bot-detected
c-q2-08,2026-03-16T11:15:13+00:00,success
c-q2-09,2026-03-16T11:15:14+00:00,success
c-q2-10,2026-03-16T11:15:15+00:00,bot-detected
c-q2-11,2026-03-16T11:15:16+00:00,failed
c-q2-12,2026-03-16T11:15:16+00:00,bot-detected
c-q2-13,2026-03-16T11:15:17+00:00,success
c-q2-14,2026-03-16T11:15:18+00:00,success
c-q2-15,2026-03-16T11:15:19+00:00,bot-detected
c-q2-16,2026-03-16T11:15:20+00:00,success
c-q2-17,2026-03-16T11:15:20+00:00,bot-detected
c-q2-18,2026-03-16T11:15:21+00:00,success
c-q2-19,2026-03-16T11:15:22+00:00,success
c-q2-20,2026-03-16T11:15:23+00:00,success
c-q3-01,2026-03-16T11:15:24+00:00,failed
c-q3-02,2026-03-16T11:15:28+00:00,bot-detected
c-q3-03,2026-03-16T11:15:29+00:00,bot-detected
c-q3-04,2026-03-16T11:15:30+00:00,bot-detected
c-q3-05,2026-03-16T11:15:30+00:00,bot-detected
c-q3-06,2026-03-16T11:15:30+00:00,success
c-q3-07,2026-03-16T11:15:31+00:00,bot-detected
c-q3-08,2026-03-16T11:15:32+00:00,success
c-q3-09,2026-03-16T11:15:34+00:00,success
c-q3-10,2026-03-16T11:15:34+00:00,success
c-q3-11,2026-03-16T11:15:35+00:00,success
c-q3-12,2026-03-16T11:15:36+00:00,success
c-q3-13,2026-03-16T11:15:36+00:00,bot-detected
c-q3-14,2026-03-16T11:15:37+00:00,success
c-q3-15,2026-03-16T11:15:38+00:00,bot-detected
c-q3-16,2026-03-16T11:15:38+00:00,success
c-q3-17,2026-03-16T11:15:40+00:00,success
c-q3-18,2026-03-16T11:15:40+00:00,bot-detected
c-q3-19,2026-03-16T11:15:41+00:00,success
c-q4-01,2026-03-16T11:15:42+00:00,failed
c-q4-02,2026-03-16T11:15:43+00:00,success
c-q4-03,2026-03-16T11:15:43+00:00,success
c-q4-04,2026-03-16T11:15:44+00:00,success
c-q4-05,2026-03-16T11:15:45+00:00,success
c-q4-06,2026-03-16T11:15:45+00:00,success
c-q4-07,2026-03-16T11:15:47+00:00,success
c-q4-08,2026-03-16T11:15:48+00:00,success
c-q4-09,2026-03-16T11:15:48+00:00,bot-detected
c-q4-10,2026-03-16T11:15:50+00:00,success
c-q4-11,2026-03-16T11:15:50+00:00,bot-detected
c-q4-12,2026-03-16T11:15:52+00:00,success
c-q4-13,2026-03-16T11:15:53+00:00,bot-detected
c-q4-14,2026-03-16T11:15:55+00:00,success
c-q4-15,2026-03-16T11:15:55+00:00,success
c-q4-16,2026-03-16T11:15:56+00:00,bot-detected
c-q4-17,2026-03-16T11:15:56+00:00,success
c-q4-18,2026-03-16T11:15:58+00:00,success
c-q4-19,2026-03-16T11:15:59+00:00,success
c-q4-20,2026-03-16T11:16:00+00:00,success
c-q5-01,2026-03-16T11:16:01+00:00,success
c-q5-02,2026-03-16T11:16:03+00:00,failed
c-q5-03,2026-03-16T11:16:04+00:00,success
c-q5-04,2026-03-16T11:16:05+00:00,success
c-q5-05,2026-03-16T11:16:06+00:00,success
c-q5-06,2026-03-16T11:16:07+00:00,success
c-q5-07,2026-03-16T11:16:08+00:00,success
c-q5-08,2026-03-16T11:16:08+00:00,bot-detected
c-q5-09,2026-03-16T11:16:09+00:00,bot-detected
c-q5-10,2026-03-16T11:16:09+00:00,success
c-q5-11,2026-03-16T11:16:11+00:00,success
c-q5-12,2026-03-16T11:16:11+00:00,bot-detected
c-q5-13,2026-03-16T11:16:12+00:00,bot-detected
c-q5-14,2026-03-16T11:16:13+00:00,success
c-q5-15,2026-03-16T11:16:14+00:00,bot-detected
c-q5-16,2026-03-16T11:16:14+00:00,bot-detected
c-q5-17,2026-03-16T11:16:15+00:00,success
c-q5-18,2026-03-16T11:16:15+00:00,success
c-q5-19,2026-03-16T11:16:16+00:00,success
c-q5-20,2026-03-16T11:16:18+00:00,success
c-q6-01,2026-03-16T11:16:18+00:00,bot-detected
c-q6-02,2026-03-16T11:16:20+00:00,success
c-q6-03,2026-03-16T11:16:21+00:00,success
c-q6-04,2026-03-16T11:16:22+00:00,failed
c-q6-05,2026-03-16T11:16:22+00:00,bot-detected
c-q6-06,2026-03-16T11:16:23+00:00,bot-detected
c-q6-07,2026-03-16T11:16:23+00:00,bot-detected
c-q6-08,2026-03-16T11:16:24+00:00,success
c-q6-09,2026-03-16T11:16:25+00:00,bot-detected
c-q6-10,2026-03-16T11:16:29+00:00,success
c-q6-11,2026-03-16T11:16:30+00:00,success
c-q6-12,2026-03-16T11:16:31+00:00,success
c-q6-13,2026-03-16T11:16:31+00:00,success
c-q6-14,2026-03-16T11:16:36+00:00,success
c-q6-15,2026-03-16T11:16:37+00:00,success
c-q6-16,2026-03-16T11:16:39+00:00,success
c-q6-17,2026-03-16T11:16:40+00:00,success
c-q6-18,2026-03-16T11:16:40+00:00,bot-detected
c-q6-19,2026-03-16T11:16:41+00:00,bot-detected
c-q6-20,2026-03-16T11:16:42+00:00,success
g-q1-p1-02,2026-03-16T11:14:01+00:00,success
g-q1-p1-03,2026-03-16T11:14:01+00:00,success
g-q1-p1-04,2026-03-16T11:14:01+00:00,bot-detected
g-q1-p1-05,2026-03-16T11:14:02+00:00,bot-detected
g-q1-p1-06,2026-03-16T11:14:02+00:00,success
g-q1-p1-07,2026-03-16T11:14:03+00:00,bot-detected
g-q1-p1-08,2026-03-16T11:14:03+00:00,success
g-q1-p1-09,2026-03-16T11:14:03+00:00,success
g-q1-p1-10,2026-03-16T11:14:04+00:00,bot-detected
g-q1-p1-11,2026-03-16T11:14:04+00:00,bot-detected
g-q1-p2-01,2026-03-16T11:14:04+00:00,bot-detected
g-q1-p2-02,2026-03-16T11:14:04+00:00,success
g-q1-p2-03,2026-03-16T11:14:06+00:00,success
g-q1-p2-04,2026-03-16T11:14:06+00:00,success
g-q1-p2-05,2026-03-16T11:14:07+00:00,success
g-q1-p2-06,2026-03-16T11:14:08+00:00,success
g-q1-p2-07,2026-03-16T11:14:08+00:00,success
g-q1-p2-08,2026-03-16T11:14:08+00:00,success
g-q1-p2-09,2026-03-16T11:14:09+00:00,success
g-q1-p2-10,2026-03-16T11:14:09+00:00,success
g-q1-p3-01,2026-03-16T11:14:11+00:00,success
g-q1-p3-02,2026-03-16T11:14:11+00:00,success
g-q1-p3-03,2026-03-16T11:14:11+00:00,success
g-q1-p3-04,2026-03-16T11:14:12+00:00,success
g-q1-p3-05,2026-03-16T11:14:13+00:00,success
g-q1-p3-06,2026-03-16T11:14:14+00:00,success
g-q1-p3-07,2026-03-16T11:14:14+00:00,success
g-q1-p3-08,2026-03-16T11:14:15+00:00,bot-detected
g-q1-p3-09,2026-03-16T11:14:15+00:00,success
g-q1-p3-10,2026-03-16T11:14:15+00:00,bot-detected
g-q2-p1-01,2026-03-16T11:14:16+00:00,bot-detected
g-q2-p1-02,2026-03-16T11:14:17+00:00,success
g-q2-p1-03,2026-03-16T11:14:18+00:00,bot-detected
g-q2-p1-04,2026-03-16T11:14:18+00:00,bot-detected
g-q2-p1-05,2026-03-16T11:14:19+00:00,success
g-q2-p1-06,2026-03-16T11:14:20+00:00,success
g-q2-p1-07,2026-03-16T11:14:20+00:00,success
g-q2-p1-08,2026-03-16T11:14:20+00:00,success
g-q2-p1-09,2026-03-16T11:14:21+00:00,bot-detected
g-q2-p2-01,2026-03-16T11:14:21+00:00,bot-detected
g-q2-p2-02,2026-03-16T11:14:21+00:00,success
g-q2-p2-03,2026-03-16T11:14:21+00:00,success
g-q2-p2-04,2026-03-16T11:14:22+00:00,success
g-q2-p2-05,2026-03-16T11:14:22+00:00,success
g-q2-p2-06,2026-03-16T11:14:23+00:00,success
g-q2-p2-07,2026-03-16T11:14:23+00:00,bot-detected
g-q2-p2-08,2026-03-16T11:14:24+00:00,bot-detected
g-q2-p2-09,2026-03-16T11:14:24+00:00,success
g-q2-p3-01,2026-03-16T11:14:25+00:00,bot-detected
g-q2-p3-02,2026-03-16T11:14:26+00:00,success
g-q2-p3-03,2026-03-16T11:14:26+00:00,success
g-q2-p3-04,2026-03-16T11:14:28+00:00,success
g-q2-p3-05,2026-03-16T11:14:29+00:00,success
g-q2-p3-06,2026-03-16T11:14:29+00:00,success
g-q2-p3-07,2026-03-16T11:14:29+00:00,success
g-q2-p3-08,2026-03-16T11:14:31+00:00,success
g-q2-p3-09,2026-03-16T11:14:31+00:00,success
g-q2-p3-10,2026-03-16T11:14:32+00:00,bot-detected
g-q3-p1-01,2026-03-16T11:14:33+00:00,success
g-q3-p1-02,2026-03-16T11:14:33+00:00,success
g-q3-p1-03,2026-03-16T11:14:34+00:00,success
g-q3-p1-04,2026-03-16T11:14:35+00:00,success
g-q3-p1-05,2026-03-16T11:14:35+00:00,success
g-q3-p1-06,2026-03-16T11:14:36+00:00,success
g-q3-p1-07,2026-03-16T11:14:37+00:00,bot-detected
g-q3-p1-08,2026-03-16T11:14:37+00:00,success
g-q3-p1-09,2026-03-16T11:14:38+00:00,success
g-q3-p1-10,2026-03-16T11:14:39+00:00,success
g-q3-p2-01,2026-03-16T11:14:39+00:00,success
g-q3-p2-02,2026-03-16T11:14:40+00:00,bot-detected
g-q3-p2-03,2026-03-16T11:14:41+00:00,bot-detected
g-q3-p2-04,2026-03-16T11:14:41+00:00,success
g-q3-p2-05,2026-03-16T11:14:41+00:00,bot-detected
g-q3-p2-06,2026-03-16T11:14:42+00:00,success
g-q3-p2-07,2026-03-16T11:14:43+00:00,success
g-q3-p2-08,2026-03-16T11:14:43+00:00,success
g-q3-p2-09,2026-03-16T11:14:43+00:00,success
g-q3-p2-10,2026-03-16T11:14:45+00:00,success
g-q3-p3-01,2026-03-16T11:14:45+00:00,success
g-q3-p3-02,2026-03-16T11:14:46+00:00,success
g-q3-p3-03,2026-03-16T11:14:46+00:00,success
g-q3-p3-04,2026-03-16T11:14:46+00:00,success
g-q3-p3-05,2026-03-16T11:14:47+00:00,success
g-q3-p3-06,2026-03-16T11:14:47+00:00,success
g-q3-p3-07,2026-03-16T11:14:49+00:00,success
g-q3-p3-08,2026-03-16T11:14:49+00:00,success
g-q3-p3-09,2026-03-16T11:14:51+00:00,bot-detected
g-q3-p3-10,2026-03-16T11:14:52+00:00,bot-detected
s-q1-p1-01,2026-03-16T11:13:02+00:00,success
s-q1-p1-02,2026-03-16T11:13:02+00:00,success
s-q1-p1-03,2026-03-16T11:13:03+00:00,success
s-q1-p1-04,2026-03-16T11:13:04+00:00,success
s-q1-p1-05,2026-03-16T11:13:04+00:00,bot-detected
s-q1-p1-06,2026-03-16T11:13:05+00:00,bot-detected
s-q1-p1-07,2026-03-16T11:13:07+00:00,bot-detected
s-q1-p1-08,2026-03-16T11:13:07+00:00,bot-detected
s-q1-p1-09,2026-03-16T11:13:07+00:00,success
s-q1-p1-10,2026-03-16T11:13:08+00:00,bot-detected
s-q1-p2-01,2026-03-16T11:13:10+00:00,success
s-q1-p2-02,2026-03-16T11:13:10+00:00,success
s-q1-p2-03,2026-03-16T11:13:12+00:00,success
s-q1-p2-04,2026-03-16T11:13:12+00:00,bot-detected
s-q1-p2-05,2026-03-16T11:13:13+00:00,success
s-q1-p2-06,2026-03-16T11:13:13+00:00,bot-detected
s-q1-p2-07,2026-03-16T11:13:14+00:00,success
s-q1-p2-08,2026-03-16T11:13:14+00:00,bot-detected
s-q1-p2-09,2026-03-16T11:13:15+00:00,bot-detected
s-q1-p2-10,2026-03-16T11:13:15+00:00,bot-detected
s-q1-p3-01,2026-03-16T11:13:16+00:00,success
s-q1-p3-02,2026-03-16T11:13:17+00:00,success
s-q1-p3-03,2026-03-16T11:13:18+00:00,success
s-q1-p3-04,2026-03-16T11:13:18+00:00,success
s-q1-p3-05,2026-03-16T11:13:19+00:00,success
s-q1-p3-06,2026-03-16T11:13:20+00:00,success
s-q1-p3-07,2026-03-16T11:13:21+00:00,failed
s-q1-p3-08,2026-03-16T11:13:22+00:00,success
s-q1-p3-09,2026-03-16T11:13:22+00:00,success
s-q1-p3-10,2026-03-16T11:13:22+00:00,bot-detected
s-q2-p1-01,2026-03-16T11:13:24+00:00,success
s-q2-p1-02,2026-03-16T11:13:24+00:00,bot-detected
s-q2-p1-03,2026-03-16T11:13:25+00:00,bot-detected
s-q2-p1-04,2026-03-16T11:13:25+00:00,bot-detected
s-q2-p1-05,2026-03-16T11:13:26+00:00,success
s-q2-p1-06,2026-03-16T11:13:26+00:00,bot-detected
s-q2-p1-07,2026-03-16T11:13:26+00:00,bot-detected
s-q2-p1-08,2026-03-16T11:13:27+00:00,success
s-q2-p1-09,2026-03-16T11:13:27+00:00,success
s-q2-p1-10,2026-03-16T11:13:28+00:00,bot-detected
s-q2-p2-01,2026-03-16T11:13:28+00:00,success
s-q2-p2-02,2026-03-16T11:13:28+00:00,success
s-q2-p2-03,2026-03-16T11:13:29+00:00,success
s-q2-p2-04,2026-03-16T11:13:29+00:00,bot-detected
s-q2-p2-05,2026-03-16T11:13:29+00:00,bot-detected
s-q2-p2-06,2026-03-16T11:13:30+00:00,success
s-q2-p2-07,2026-03-16T11:13:30+00:00,success
s-q2-p2-08,2026-03-16T11:13:30+00:00,success
s-q2-p2-09,2026-03-16T11:13:30+00:00,bot-detected
s-q2-p2-10,2026-03-16T11:13:32+00:00,success
s-q2-p3-01,2026-03-16T11:13:33+00:00,bot-detected
s-q2-p3-02,2026-03-16T11:13:33+00:00,bot-detected
s-q2-p3-03,2026-03-16T11:13:33+00:00,bot-detected
s-q2-p3-04,2026-03-16T11:13:33+00:00,bot-detected
s-q2-p3-05,2026-03-16T11:13:34+00:00,success
s-q2-p3-06,2026-03-16T11:13:34+00:00,bot-detected
s-q2-p3-07,2026-03-16T11:13:35+00:00,success
s-q2-p3-08,2026-03-16T11:13:35+00:00,bot-detected
s-q2-p3-09,2026-03-16T11:13:35+00:00,bot-detected
s-q2-p3-10,2026-03-16T11:13:35+00:00,success
s-q3-p1-01,2026-03-16T11:13:37+00:00,success
s-q3-p1-02,2026-03-16T11:13:37+00:00,success
s-q3-p1-03,2026-03-16T11:13:37+00:00,success
s-q3-p1-04,2026-03-16T11:13:38+00:00,success
s-q3-p1-05,2026-03-16T11:13:38+00:00,success
s-q3-p1-06,2026-03-16T11:13:41+00:00,failed
s-q3-p1-07,2026-03-16T11:13:43+00:00,success
s-q3-p1-08,2026-03-16T11:13:44+00:00,success
s-q3-p1-09,2026-03-16T11:13:44+00:00,bot-detected
s-q3-p1-10,2026-03-16T11:13:44+00:00,bot-detected
s-q3-p2-01,2026-03-16T11:13:44+00:00,bot-detected
s-q3-p2-02,2026-03-16T11:13:45+00:00,success
s-q3-p2-03,2026-03-16T11:13:46+00:00,success
s-q3-p2-04,2026-03-16T11:13:46+00:00,bot-detected
s-q3-p2-05,2026-03-16T11:13:47+00:00,success
s-q3-p2-06,2026-03-16T11:13:48+00:00,success
s-q3-p2-07,2026-03-16T11:13:48+00:00,success
s-q3-p2-08,2026-03-16T11:13:49+00:00,success
s-q3-p2-09,2026-03-16T11:13:49+00:00,bot-detected
s-q3-p2-10,2026-03-16T11:13:49+00:00,bot-detected
s-q3-p3-01,2026-03-16T11:13:50+00:00,success
s-q3-p3-02,2026-03-16T11:13:52+00:00,success
s-q3-p3-03,2026-03-16T11:13:52+00:00,bot-detected
s-q3-p3-04,2026-03-16T11:13:53+00:00,success
s-q3-p3-05,2026-03-16T11:13:54+00:00,success
s-q3-p3-06,2026-03-16T11:13:55+00:00,bot-detected
s-q3-p3-07,2026-03-16T11:13:55+00:00,success
s-q3-p3-08,2026-03-16T11:13:56+00:00,success
s-q3-p3-09,2026-03-16T11:13:59+00:00,success
s-q3-p3-10,2026-03-16T11:13:59+00:00,success
